"Fiesta - Pearl Necklace", "Fiesta - Earth Tone Beaded Pearl Choker Necklace, Baroque Pearl Necklace, Real Pearl Jewelry"
"Dancing Paillettes - Brass Glasses Chain", "Dancing Paillettes - Gold Mask to Glasses Chain, Stylish Sunglasses & Face Mask Chain, Spectacles Chain for Women"
"Cara - Glasses Chain", "Cara - Dainty Pearl Mask to Glasses chain, Mask Lanyard & Sunglasses Chain, Eyeglasses Holder, Gift for Her, made with Acrylic Pearls"
"Earth Tone Beaded Necklace", "Earth Tone Beaded Choker Necklace, Handmade Dainty Brown Beaded Necklace by Unique Czech Beads and Japanese Seed Beads, Beach Choker"
"Pearl Lasso - Glasses Chain", "Pearl Lasso - Gold Coin and Pearl Mask to Glasses Chain, Gold Curb Sunglasses Chain & Mask Lanyard, Pearl Eyeglasses Chain for Women Gold"
"Silver Grande - Sterling Silver Ring", "Silver Grande - One Size Chunky Silver Curb Chain Ring, 925 Silver Cuban Link Ring, Adjustable Sterling Silver Ring, Open Ring"
"Gold Linkage - Brass Glasses Chain", "Golden Linkage - Gold Curb Mask to Glass Chain, Sunglasses Chain & Mask Lanyard, Face Mask Holder, Spectacles Chain for Women"
"Classicworks - Pearl Earrings", "Classicworks - High Luster Double Real Pearl Earrings Studs, Baroque Pearl Drop Earrings, Sterling Silver Pearl Studs, Minimalist Earrings"
"Quinton - Pearl Earrings","Quinton - Vintage Style Coin Freshwater Baroque Pearl Earrings, Real Pearl Dropping Earrings Studs Gold, Large Dangle Pearl Earrings"
"Hearty Pearl - Pearl Glasses Chain", "Hearty Pearl - Dainty Pearl Mask to Glasses Chain Gold, White Pearl Beaded Mask Lanyard & Sunglasses Chain, Pearl Spectacle Chain"
"Summer Pearls - Pearl Necklace", "Summer Pearls - Colorful Double Layer Freshwater Pearl Beaded Choker Necklace"
"Star Light - Beaded Glasses Chain", "Star Light - Mask to Glasses Chain - Summer Vibe Pink and Blue Gemstone Spectacles & Sunglasses Chain, Mask Lanyard,  with purple beads"
"Dreams of a Butterfly - Brass Glasses Chain", "Dreams of a Butterfly - Floral Mask to Glass Chain, Gold Sunglasses Lanyard Women, Feminine Spectacle Chain"
"La Grace - Beaded Choker", "La Grâce - Beaded Choker Necklace with Pendant, Parisian Coin Necklace for Women"
"Strawberry - Brass Glasses Chain", "The Strawberry - Beaded Mask to Glasses Chain, Fruit Beaded Mask Lanyard, Strawberry Face Mask Holder, Mask Necklace"
"Perfect Twist - Brass Earrings", "The Perfect Twist - Chunky Gold Hoop Earrings, Thick Twisted Hoops, Gold Plated Statement Huggie Earrings"
"2 Pearl Drop Earrings", "2 Pearl Drop - 14k Gold Filled Pearl Drop Studs, Round Real 2 Pearl Earrings, Dainty Pearl Jewelry"
"White Beaded Rainbow Glasses Chain", "White Beaded Rainbow - Mask to Glasses Chain - Boho Beaded Mask & Sunglasses Chain | Mask Lanyard, Spectacles Chain"
"Black Beaded Rainbow Glasses Chain", "Black Beaded Rainbow - Mask to Glasses Chain - Boho Beaded Sunglasses Chain & Mask Chain | Eyeglass Holder, Glasses Chain, Mask Lanyard"
"The Rhinestone - Brass Glasse Chain", "The Rhinestone - Mask to Glasses Chain - Sparkly Dainty Rhinestone Sunglasses & Face Mask Chain, 14k Gold Plated Spectacles Chain for Women"
"Stratus - Beaded Glasses Chain", "Stratus - Dainty Pearl & Stardust Round Beads Mask to Glasses Chain, Glasses Lanyard and Pearl Face Mask Holder, made with Acrylic Pearls"
"Sparkle Pearl - Pearl Earrings", "Sparkle Pearl - Gold Pearl Hoops, Pearl Drop Dangle Earrings Women, CZ Stone Paved Huggies"
"Circle of Love - Sunglasses", "Circle of Love - Heart Shaped Round Sunglasses, Trendy Cute Sunglasses for Women"
"Linked Hoop - Brass Glasses Chain", "Linked Loop - Mask to Glasses Chain - Gold Hoop Circle Glasses Chain for Women, Lightweight Sunglasses Chain & Glasses Holder"
"Silver Cheese Earrings", "Silver Cheese - Lovely Dainty Cheese Earrings, Silver Earrings Dangle, Gift for Her"
"Secret Garden - Fabric Glasses Chain", "Secret Garden - Elegant Mask to Glasses Chain, Vintage Vibe Polyester Scarf Face Mask & Sunglasses Chain, Spectacles Chain for Women"
"Gold Shell and Starfish Earrring Charm", "Shell and Starfish Earring Charms, 14K Gold Filled Beach Charms - Earring Builder"
"Gold Filled Star and Moon Earring Charm", "Star and Moon Charms, 14K Gold Filled Mismatched Celestial Earring Charms - Earring Builder"
"CZ Star Charm", "CZ Star Charm, Celestial Starburst Earring Charms - Earring Builder"
"Coin Charm", "Coin Earring Charms - Earring Builder"
"Identity Pearl - Pearl Earrings", "Identity Pearl - Baroque Pearl Hoop Earrings, Pearl Huggie Earrings, Minimal Gold Hoop Pearl, Wedding Bridal Earrings, Real Pearl Jewelry"
"Dancing Pearl - Pearl Necklace", "Dancing Pearl - Colorful Rainbow Beaded Freshwater Pearl Necklace for Women, Handmade Beaded Choker Necklace"
"Bold Grande - Beaded Necklace", "Bold Grande - Pearl Mask to Glasses Chain, Chunky Double Layered Pearl Mask Lanyard & Sunglasses Chain, made with Acrylic Pearls"
"Alice in Wonderland - Card Holder", "Alice in Wonderland - Card Holder & Keyring | Alice in Wonderland Purse | Card wallet, Card purse, Key chain, Key fob,  Key purse"
"Endless Summer - Beaded Necklace", "Endless Summer - Cheerful Beaded Flower Necklace, Yellow & Brown Beaded Necklace with Charm, made with unique Czech Beads"
"Golden Path - Beaded Necklace", "Golden Path - Gold Beaded Pearl Necklace, Seed Bead Choker for Women, Minimal Stackable Necklace"
"Dropping Gem - Gemstone Glasses Chain", "Dropping Gem - Colorful Gemstone Mask to Glasses Chain, Crystal Mask Lanyard & Sunglasses Chain for Women"
"Pearl Daisy - Pearl Necklace", "Pearled Daisy - Colorful Beaded Freshwater Pearl Choker Necklace, Y2K Beaded Daisy Pearl Necklace, Gift for Her"
"Charlotte - Beaded Necklace", "Charlotte - Earth Tone Beaded Choker Necklace, Turquoise Beaded Necklace for Women"
"Wire Trio - Brass Earrings", "Wire Trio - C Shaped Multi Layered Gold Hoop Earring Studs, Minimalist Everyday Earrings for Women, Lightweight and Stylish"
"Streaming Pearl - Pearl Glasses Chain", "Streaming Pearl - Pearl Mask to Glasses Chain Gold, White Pearl Beaded Mask Lanyard & Sunglasses Chain Women, Bold Spectacle Chain"
"Calla - Beaded Necklace", "Calla - Earth Tone Beaded Choker Necklace with Charm, Beach Choker made with Czech Beads"
"Subtle Grace - Pearl Earrings", "Subtle Grace - Dainty Real Natural Baroque Pearl Pin Brooch, Pearl Pin for Hat & Clothes, Button Size"
"Narrow Identity - Sterling Silver Ring", "Narrow Identity - One Size Open Ring, Hammered Stackable Ring, Dainty Sterling Silver Ring, Adjustable Ring for Women."
"Glace - Silver Ring", "Glacé - One Size Dainty Silver Ring Adjustable, Square Stackable Silver Ring, Hammered Silver Ring Band, Minimalist Everyday Ring for Women"
"Deep State - Brass Glasses Chain", "Deep State - Gold Star and Heart Mask to Glasses Chain, Sunglasses Chain & Mask Lanyard for Women Gold, Glasses Chain with Charms"
"Cottageland - Beaded Glasses Chain", "Cottageland - White Beaded Mushroom Mask to Glasses Chain, Beaded Mask Lanyard & Sunglasses Chain, Cottagecore Lanyard"
"One Size Zircon Silver Ring", "One Size Open Ring, Sterling Silver Zircon Ring, Adjustable Gemstone Ring.Chunky Silver Ring, Christmas Jewelry Gift for Her"
"Gold Liquid - Brass Glasses Chain", "Gold Liquid - Gold Dangle Balls Mask to Glasses Chain, Sunglasses Chain & Spectacle Chain for Women Gold, Stylish Mask Lanyard"
"Lyric - Pearl Earrings", "Lyric - Raindrop Pearl Earrings,  Gold Dainty Long Pearl Drop Earrings, Minimal Real Pearl Earrings, Gift for Her, Long Drop Earrings"
"Pivot - Silver Ring", "Pivot - One Size Antique Silver Double Layered Twisted Ring, Adjustable Sterling Silver Ring, Stackable Minimalist Ring"
"Millefleurs - Beaded Necklace", "Millefleurs - Beaded Daisy Necklace Choker with Freshwater Pearls, Pearl Beaded Necklace with Charm"
"Sunny Days - Glasses Clothes", "Sunny Days - Set of 2 - Floral Glasses Cleaning Cloth - Microfiber Red to Orange Gradient Cloth, Single-sided | Lens, Phone, Screen Cleaning"
"Spring Visitors - Glasses Clothes", "Spring Visitors - Set of 2 - Monstera Leaf Glasses Cleaning Cloth - Microfiber Teal Blue Cloth, Single-sided | Lens, Phone, Screen Cleaning"
"Midnight Wander - Beaded Necklace", "Midnight Wander - Sparkle Transparent Beaded Necklace, Seed Bead Necklace for Women"
"After Moon - Resin Earrings", "After Moon - Chunky White Acetate Hoops, Resin Hoop Earrings, Everyday Minimal Earrings"
"Bestie Pearl - Pearl Earrings", "Bestie Pearl - Minimalist Freshwater Pearl Studs Earrings, Sterling Silver & Gold Vermeil Pearl Drop Earrings"
"Bumble Bee Brooch Pin", "Bumble Bee Brooch Pin, Gold Bee Brooch, Bumble Bee Gift Ideas"
"Amorfa - Silver Ring", "Amorfa - One Size Chunky Silver Ring, Adjustable 925 Sterling Silver Ring, Thick Silver Open Ring"
"Tort Grande - Acetate Earrings", "Tort Grande - Chunky Tortoise Shell Hoop Earrings, Large Acetate Hoops, Tortoise Shell Gifts ideas"
"The Coin - Brass Glasses Chain", "The Coin - Mask to Glasses Chain - Gold Coin Pendant Sunglasses & Mask Chain, 14k Gold Plated Spectacles Chain for Women"
"Sweet Talker - Pearl Earrings", "Sweet Talker - Heart Baroque Pearl Earring Studs, Pearl Studs Sterling Silver, Minimal Pearl Earrings, Real Pearl Jewelry"
"Flower and Rabbit - Coin Purse", "Flower and Rabbit - Large Vintage Kisslock Coin Purse | Cute Bunny Purse | Japanese Cherry Blossom Fabric Purse  | Kisslock Coin Purse"
"Zircon Flower and Pearl Earring", "Colorful Zircon Flower and Pearl Stud Earrings, Freshwater Pearl Floral Earrings, Statement Pearl Earrings, Gift for Her"
"Duet - Acetate Earrings", "Duet - Small Gold Hoop Earrings with White Acetate, Small Huggie Earrings, Resin Hoop Earrings"
"Dainty Baroque Pearl Ring", "Dainty Baroque Pearl Ring, 14K Gold Filled Stackable Ring | Minimalist Real Pearl Dainty Ring | Gift for Her"
"Shade of Sea - Beaded Necklace", "Shade of Sea - Beaded Shell and Turquoise Necklace, Summer Beach Choker Necklace for Women"
"Une Fille - Pearl Earrings", "Une Fille - Elegant Baroque Pearl Stud Earrings Gold, Freshwater Pearl Drop Earrings, Real Pearl Jewelry, Gift Idea for Her"
"The Dandelion - Coin Purse", "The Dandelion - Large Green Dandelion Clasp Coin Purse & Crossbody Purse | Cottagecore Kisslock Coin Purse | Japanese Coin Purse"
"Alice in Wonderland - Coin Purse", "Alice in Wonderland - Clasp Coin Purse, Alice in Wonderland Purse, Alice in Wonderland Gift, Kisslock Coin Purse"
"Suburbs - Brass Earrings", "Suburbs - Small Twisted Gold Hoops, C Shape Twisted Hoops Earrings for Everyday Wear, Minimalist Earrings Studs, Gift for Her"
"Decorated Memory - Pearl Necklace", "Decorated Memory - Baroque Pearl Necklace with Gold Heart Charm, Beaded Pearl Necklace, Real Pearl Jewelry"
"Silver Rain - Brass Glasses Chain", "Silver Rain - Sparkle Silver Mask to Glasses Chain, Sunglasses Chain Silver, Spectacles Chain for Women"
"Tulle Hair Scrunchie", "Tulle - White & Champagne Satin Scrunchie - Handmade Satin Hair Scrunchie, Scrunchie Hair Tie"
"Beaded Shield - Beaded Necklace", "Beaded Shield - Evil Eye Beaded Necklace Choker, Colorful Seed Bead Necklace with Charm, Beach Choker"
"Sky Holiday - Brass Earrings", "Sky Holiday - Sparkle Gold Blue CZ Star Huggie Hoops Earrings, Gold Pave Zircon Hoops, Celestial Dangle Earrings"
"Baby Pearl - Pearl Earrings", "Baby Pearl - Small Baroque Pearl Studs, Sterling Silver Pearl Earring Studs, Dainty Pearl Earring Studs, Real Pearl Jewelry"
"Une Style - Acetate Hair Barrette", "Une Style - French Chic Thick Acetate Round Hair Barrette for Women in Tortoiseshell & Pearl, Circle Hair Clip, Pony Tail Clip"
"Oversized Sunshine - Sunglasses", "Oversized Sunshine - Oversized Sunglasses for Women, Trendy Rimless Square Round Sunglasses"
"Fine Sparkling - Brass Glasses Chain", "Fine Sparkling - Chunky Gold Mask to Glasses Chain, Sparkle Sunglasses Chain & Mask Lanyard Gold, Stylish Gold Eyeglasses Chain for Women"
"Leafy Green - Coin Purse", "Leafy Green - Large Green Floral Coin Purse Clasp & Crossbody Purse, Japanese Fabric Purse  | Kisslock Coin Purse | Card Pouch Purse"
"Sparkle Night - Beaded Glasses Chain", "Sparkle Night - Black Bow Mask to Glasses Chain for Women, Beaded Ribbon Mask Lanyard & Face Mask Holder"
"Dainty Pearl Drop Earrings", "Dainty Pearl Drop Earrings for Women, Emerald Green Chalcedony Earrings. Green Gemstone Earrings, Boho Dangle Earrings"
"Ocean Pearl - Pearl Earrings", "Ocean Pearl - Pink Seashell Pearl Earring Studs, Beach Earrings made with Real Pearls, Gold Dangle Earrings Women, Gift ideas for Her"
"Full of Grace - Silver Ring", "Full of Grace - One Size Open Ring, Rose Flower Sterling Silver Open Ring, Adjustable Ring"
"Trace - Pearl Earrings", "Trace - Large Baroque Pearl Hoop Earring Studs"
"The Avacado - Coin Purse", "The Avocado - Large Clasp Coin Purse, Avocado Gift, Kisslock Coin Purse"
"Double Take - Brass Glasses Chain", "Double Take - Gold Coin Mask to Glasses Chain, Gold Curb Sunglasses Chain & Mask Lanyard, Eyeglasses Chain with Charm for Women"
"She is Bold - Pearl Necklace", "She is Bold - Irregular Freshwater Baroque Pearl Necklace Choker, Sterling Silver Genuine Pearl Beaded Necklace Women, Real Pearl Jewelry"
"Calista - Beaded Necklace", "Calista - Colorful Blue Tone Beaded Necklace with Charm, Beaded Necklace Choker for Women, Beach Choker"
"Set of 2 - Pearl Hair Pin", "Set of 2 , High Luster Real Natural Baroque Pearl Hair Clip, Pearl Bobby Pin, Pearl Wedding Hair Clip Set"
